"species","skew","bias"
"Acanthastrea_brevis",0.939109751832004,-2.15839182285081
"Acanthastrea_echinata",0.947203778983729,-2.22868912201551
"Acanthastrea_hemprichi",0.882449269048843,-1.66629081622455
"Acanthastrea_minuta",0.891678184552785,-1.746444715141
"Acanthastrea_pachysepta",0.857926542218469,-1.45330889362726
"Acanthastrea_rotundoflora",0.886826103927822,-1.7043039912627
"Acanthastrea_subechinata",0.93558337865022,-2.12776497840375
"Acropora_abrolhosensis",1.03932886428913,-3.0288031518909
"Acropora_abrotanoides",0.966423997474866,-2.39561831856441
"Acropora_aculeus",0.84441440072277,-1.33595482064563
"Acropora_acuminata",0.941871632505951,-2.18237898626826
"Acropora_anthocercis",0.89989908736221,-1.81784393994776
"Acropora_appressa",0.923556755853231,-2.02331275890251
"Acropora_arabensis",0.945883658317036,-2.21722376420285
"Acropora_aspera",0.97307884806748,-2.45341624958638
"Acropora_austera",0.95718777330775,-2.31540094330027
"Acropora_awi",0.924451452331125,-2.0310832722439
"Acropora_batunai",0.913411228857908,-1.9351980129294
"Acropora_bifurcata",0.936376660502982,-2.13465469728907
"Acropora_branchi",0.965988467612459,-2.39183570547714
"Acropora_bushyensis",0.815953997074727,-1.08877384730676
"Acropora_cardenae",0.919402397175876,-1.98723180818353
"Acropora_carduus",0.993866669893445,-2.63396021150908
"Acropora_caroliniana",0.857926542218469,-1.45330889362726
"Acropora_cerealis",0.857926542218469,-1.45330889362726
"Acropora_cervicornis",0.906218460184097,-1.87272821862217
"Acropora_chesterfieldensis",0.958719916861774,-2.32870773752787
"Acropora_clathrata",0.944057060969441,-2.20135961428213
"Acropora_cophodactyla",0.924813688203362,-2.03422932092913
"Acropora_cytherea",0.966423997474866,-2.39561831856441
"Acropora_dendrum",0.89989908736221,-1.81784393994776
"Acropora_derawanensis",0.89989908736221,-1.81784393994776
"Acropora_desalwii",0.826994220547943,-1.18465910662127
"Acropora_digitifera",0.89989908736221,-1.81784393994776
"Acropora_divaricata",0.941871632505951,-2.18237898626826
"Acropora_donei",0.966423997474866,-2.39561831856441
"Acropora_downingi",0.994865475170971,-2.64263491843622
"Acropora_echinata",0.924451452331125,-2.0310832722439
"Acropora_elegans",0.90342747851102,-1.84848831060633
"Acropora_elegantula",0.982728866307351,-2.53722746079642
"Acropora_elseyi",0.857926542218469,-1.45330889362726
"Acropora_eurystoma",0.96795859527589,-2.40894642813136
"Acropora_exquisita",0.928774372365422,-2.06862819237076
"Acropora_fastigata",0.919402397175876,-1.98723180818353
"Acropora_fenneri",0.89989908736221,-1.81784393994776
"Acropora_filiformis",0.913071175754749,-1.93224462343903
"Acropora_florida",1.06388122925805,-3.24204248418704
"Acropora_forskali",0.93708528311083,-2.1408091435894
"Acropora_gemmifera",0.955153232079668,-2.29773078347842
"Acropora_glauca",0.935069697910374,-2.12330361844446
"Acropora_globiceps",0.934665224101768,-2.11979072976804
"Acropora_gomezi",0.936077547795671,-2.13205687854252
"Acropora_grandis",1.01773091856278,-2.84122319649812
"Acropora_granulosa",0.89989908736221,-1.81784393994776
"Acropora_haimei",0.931762789867526,-2.09458284698662
"Acropora_halmaherae",0.921557556414676,-2.00594954546282
"Acropora_hemprichii",0.941871632505951,-2.18237898626826
"Acropora_hoeksemai",0.983844177649693,-2.54691403258876
"Acropora_horrida",0.941871632505951,-2.18237898626826
"Acropora_humilis",0.945374311486953,-2.21280004461039
"Acropora_hyacinthus",0.966423997474866,-2.39561831856441
"Acropora_indonesia",0.89989908736221,-1.81784393994776
"Acropora_insignis",0.937101664439952,-2.14095141679561
"Acropora_intermedia",0.997356319145391,-2.6642681055704
"Acropora_jacquelineae",0.89989908736221,-1.81784393994776
"Acropora_japonica",0.902853506604769,-1.84350331685112
"Acropora_khayranensis",0.940338548525573,-2.16906402435955
"Acropora_kimbeensis",0.928359491010253,-2.06502491328663
"Acropora_kirstyae",0.92111129180935,-2.00207370024028
"Acropora_kosurini",0.97010833210938,-2.42761707136945
"Acropora_lamarcki",0.941871632505951,-2.18237898626826
"Acropora_latistella",0.934695909175738,-2.12005723218821
"Acropora_lianae",0.857926542218469,-1.45330889362726
"Acropora_listeri",0.857926542218469,-1.45330889362726
"Acropora_loisetteae",0.976240874639113,-2.48087871341385
"Acropora_lokani",0.826994220547943,-1.18465910662127
"Acropora_longicyathus",0.958992088812317,-2.33107157356064
"Acropora_loripes",0.857926542218469,-1.45330889362726
"Acropora_loveli",0.957979578944619,-2.32227784112776
"Acropora_lutkeni",1.00839654261861,-2.76015336488491
"Acropora_maryae",0.89989908736221,-1.81784393994776
"Acropora_microclados",0.89989908736221,-1.81784393994776
"Acropora_microphthalma",0.941871632505951,-2.18237898626826
"Acropora_millepora",0.93917854279009,-2.1589892780446
"Acropora_minuta",0.932048336321721,-2.09706284169626
"Acropora_mirabilis",0.902011462875915,-1.83619009701538
"Acropora_monticulosa",0.966423997474866,-2.39561831856441
"Acropora_mossambica",0.949328588518516,-2.24714326959063
"Acropora_multiacuta",0.935491675804341,-2.12696853155841
"Acropora_muricata",1.03932886428913,-3.0288031518909
"Acropora_nana",0.785021675404202,-0.820124060300767
"Acropora_nasuta",0.886386945866512,-1.70048986696613
"Acropora_natalensis",0.935407515147663,-2.12623758925374
"Acropora_navini",0.958014376522092,-2.32258006098296
"Acropora_palmata",0.983844177649693,-2.54691403258876
"Acropora_palmerae",0.941871632505951,-2.18237898626826
"Acropora_paniculata",0.941871632505951,-2.18237898626826
"Acropora_papillare",0.995420693838347,-2.6474570387517
"Acropora_paragemmifera",0.93835311078679,-2.15182033242725
"Acropora_parahemprichii",0.983844177649693,-2.54691403258876
"Acropora_parapharaonis",0.982991972580625,-2.53951256066794
"Acropora_pectinata",0.89989908736221,-1.81784393994776
"Acropora_pharaonis",0.967543910714626,-2.40534485821866
"Acropora_pichoni",0.89989908736221,-1.81784393994776
"Acropora_plantaginea",0.906544895382907,-1.87556333548037
"Acropora_plumosa",0.936825868216861,-2.13855610365424
"Acropora_polystoma",0.941871632505951,-2.18237898626826
"Acropora_prolifera",0.951106445758153,-2.26258410761898
"Acropora_proximalis",0.955914314560012,-2.30434084813559
"Acropora_pruinosa",0.89989908736221,-1.81784393994776
"Acropora_pulchra",0.997356319145391,-2.6642681055704
"Acropora_retusa",0.915342051833203,-1.95196737109734
"Acropora_ridzwani",0.964610788479581,-2.3798704475973
"Acropora_robusta",0.941871632505951,-2.18237898626826
"Acropora_rongelapensis",0.904306520435673,-1.8561228628505
"Acropora_roseni",0.941871632505951,-2.18237898626826
"Acropora_rudis",0.89989908736221,-1.81784393994776
"Acropora_rufa",0.992354635216392,-2.62082806455087
"Acropora_russelli",0.919839609058887,-1.99102902975967
"Acropora_samoensis",0.89989908736221,-1.81784393994776
"Acropora_sarmentosa",0.826994220547943,-1.18465910662127
"Acropora_secale",0.89989908736221,-1.81784393994776
"Acropora_selago",0.882478907187383,-1.6665482259234
"Acropora_seriata",0.925690136938284,-2.04184135110476
"Acropora_simplex",0.89989908736221,-1.81784393994776
"Acropora_sirikitiae",0.943925502138069,-2.20021701488712
"Acropora_solitaryensis",0.966423997474866,-2.39561831856441
"Acropora_spathulata",0.926593059601483,-2.04968330954989
"Acropora_speciosa",0.89989908736221,-1.81784393994776
"Acropora_spicifera",0.970624634504419,-2.43210120062218
"Acropora_squarrosa",0.99590515995582,-2.65166466728527
"Acropora_striata",0.96484949517363,-2.38194363509341
"Acropora_subglabra",0.98862347214147,-2.58842260284517
"Acropora_subulata",0.966423997474866,-2.39561831856441
"Acropora_suharsonoi",0.902939949992372,-1.84425408486378
"Acropora_sukarnoi",0.924451452331125,-2.0310832722439
"Acropora_tanegashimensis",0.935323237357117,-2.12550562963167
"Acropora_tenella",0.907031272156298,-1.87978755821955
"Acropora_tenuis",0.89989908736221,-1.81784393994776
"Acropora_teres",1.00955706228103,-2.77023257469812
"Acropora_torihalimeda",0.909664451479767,-1.90265693970127
"Acropora_torresiana",0.90539458920671,-1.86557283064473
"Acropora_tortuosa",0.930406043430987,-2.08279939131589
"Acropora_turaki",0.941871632505951,-2.18237898626826
"Acropora_valenciennesi",0.983844177649693,-2.54691403258876
"Acropora_valida",0.966423997474866,-2.39561831856441
"Acropora_variolosa",0.952101601114407,-2.27122711467624
"Acropora_vaughani",0.978567619724398,-2.50108668804431
"Acropora_verweyi",0.92957716015472,-2.0756004711057
"Acropora_walindii",0.89989908736221,-1.81784393994776
"Acropora_willisae",0.89989908736221,-1.81784393994776
"Acropora_yongei",0.941871632505951,-2.18237898626826
"Agaricia_agaricites",0.868966765691685,-1.54919415294177
"Agaricia_fragilis",0.715263156940028,-0.214265524143377
"Agaricia_grahamae",0.817968284684507,-1.10626810276874
"Agaricia_humilis",0.771509533908504,-0.702769987319132
"Agaricia_lamarcki",0.767385809933728,-0.666955101540589
"Agaricia_tenuifolia",0.881484079354204,-1.65790806343131
"Agaricia_undata",0.81687607501976,-1.09678217096815
"Alveopora_allingi",0.987621980789312,-2.5797245671364
"Alveopora_catalai",1.03932886428913,-3.0288031518909
"Alveopora_daedalea",0.934261463620572,-2.11628403639953
"Alveopora_excelsa",0.941871632505951,-2.18237898626826
"Alveopora_fenestrata",0.932187053509264,-2.09826761201012
"Alveopora_gigas",0.982802836183988,-2.53786989532866
"Alveopora_japonica",0.704984623795848,-0.124995608702488
"Alveopora_marionensis",0.844531458688265,-1.33697147881414
"Alveopora_minuta",0.760469310435288,-0.606884728004624
"Alveopora_ocellata",0.986087985083944,-2.56640168682031
"Alveopora_spongiosa",0.941871632505951,-2.18237898626826
"Alveopora_tizardi",0.939181708080216,-2.15901676885267
"Alveopora_verrilliana",0.936809412097312,-2.13841318088696
"Alveopora_viridis",0.953895390010554,-2.28680632046676
"Anacropora_forbesi",0.897979715197727,-1.80117403302432
"Anacropora_matthai",0.908103611543094,-1.88910091500309
"Anacropora_pillai",0.910284835680252,-1.908045028093
"Anacropora_puertogalerae",0.901459263009553,-1.83139419523785
"Anacropora_reticulata",0.913222006338917,-1.9335545996103
"Anacropora_spinosa",0.921646416025841,-2.00672129857813
"Anacropora_spumosa",0.906982809902625,-1.87936665951476
"Anomastraea_irregularis",0.920234746958699,-1.99446083529153
"Astrangia_poculata",0.877867760930791,-1.62650003707803
"Astrea_annuligera",0.895132395030313,-1.7764448204983
"Astrea_curta",0.973900188238386,-2.46054965729898
"Astrea_devantieri",0.924451452331125,-2.0310832722439
"Astreopora_cucullata",0.941747370248974,-2.18129975822889
"Astreopora_expansa",0.949137318513434,-2.24548207368451
"Astreopora_explanata",0.944233951148439,-2.20289592020243
"Astreopora_gracilis",0.951588018605389,-2.26676660785986
"Astreopora_incrustans",0.89989908736221,-1.81784393994776
"Astreopora_listeri",0.952206349653999,-2.27213686445675
"Astreopora_macrostoma",0.929725348867974,-2.07688750240831
"Astreopora_moretonensis",0.951821365438664,-2.26879324451926
"Astreopora_myriophthalma",0.967876338484445,-2.40823202105462
"Astreopora_ocellata",0.941507216665496,-2.17921400437771
"Astreopora_randalli",0.947691593877235,-2.23292583494753
"Astreopora_scabra",0.941898875488969,-2.18261559384215
"Astreopora_suggesta",0.956561518406827,-2.30996186738685
"Australogyra_zelli",0.941871632505951,-2.18237898626826
"Australophyllia_wilsoni",0.955830220690901,-2.30361048588649
"Balanophyllia_europaea",0.663012078652106,0.239539437618013
"Bernardpora_stutchburyi",0.939817728055514,-2.1645406552494
"Blastomussa_loyae",0.930924468898271,-2.0873019596277
"Blastomussa_merleti",0.925948962745164,-2.04408927476955
"Blastomussa_omanensis",0.925948962745164,-2.04408927476955
"Blastomussa_wellsi",0.910706641416328,-1.91170844600135
"Boninastrea_boninensis",0.894307895843681,-1.76928397647131
"Cantharellus_doederleini",0.718496765291546,-0.242349681684123
"Cantharellus_jebbi",0.802441855579029,-0.971419774325125
"Cantharellus_noumeae",0.802441855579029,-0.971419774325125
"Catalaphyllia_jardinei",0.89989908736221,-1.81784393994776
"Caulastraea_connata",0.902151646789742,-1.83740760596903
"Caulastraea_curvata",0.89989908736221,-1.81784393994776
"Caulastraea_echinulata",0.908666806819652,-1.89399231283289
"Caulastraea_furcata",0.997356319145391,-2.6642681055704
"Caulastraea_tumida",0.89989908736221,-1.81784393994776
"Cladocora_arbuscula",0.912792857785794,-1.92982740872504
"Cladocora_caespitosa",0.857926542218469,-1.45330889362726
"Coelastrea_aspera",0.997356319145391,-2.6642681055704
"Coelastrea_palauensis",0.802441855579029,-0.971419774325125
"Coeloseris_mayeri",0.987837258021892,-2.58159426781053
"Colpophyllia_natans",0.941871632505951,-2.18237898626826
"Coscinaraea_columna",0.889670199304631,-1.72900519621404
"Coscinaraea_crassa",0.895601155178344,-1.78051604138067
"Coscinaraea_exesa",0.893362430711625,-1.76107253314501
"Coscinaraea_hahazimaensis",0.902999408998945,-1.84477049128234
"Coscinaraea_marshae",0.884755421157389,-1.68631993913887
"Coscinaraea_mcneilli",0.884455306108708,-1.68371341497414
"Coscinaraea_monile",0.89601662111591,-1.78412439761156
"Craterastrea_levis",0.905651190105314,-1.86780143079605
"Ctenactis_albitentaculata",0.809836408267193,-1.03564207958367
"Ctenactis_crassa",0.809836408267193,-1.03564207958367
"Ctenactis_echinata",0.81112831439941,-1.04686239181722
"Ctenella_chagius",0.918431502111521,-1.97879950377966
"Cycloseris_costulata",0.746957168939589,-0.489530655022989
"Cycloseris_curvata",0.754089353733677,-0.551474273294773
"Cycloseris_cyclolites",0.84441440072277,-1.33595482064563
"Cycloseris_distorta",0.704984623795848,-0.124995608702488
"Cycloseris_explanulata",0.884315812217938,-1.68250189892813
"Cycloseris_fragilis",0.738871364708932,-0.419304772611841
"Cycloseris_hexagonalis",0.754089353733677,-0.551474273294773
"Cycloseris_mokai",0.760469310435288,-0.606884728004624
"Cycloseris_sinensis",0.776866627503642,-0.74929679085604
"Cycloseris_somervillei",0.776356406629735,-0.744865480120271
"Cycloseris_tenuis",0.787387701672937,-0.840673195277332
"Cycloseris_vaughani",0.762552440074127,-0.624976882216033
"Cycloseris_wellsi",0.903622705833353,-1.85018387614199
"Cynarina_lacrymalis",0.821405242690155,-1.13611836897251
"Cynarina_macassarensis",0.712116808589935,-0.186939226974273
"Cyphastrea_agassizi",0.934521821132307,-2.11854526304841
"Cyphastrea_chalcidicum",0.89989908736221,-1.81784393994776
"Cyphastrea_decadia",0.938701514632181,-2.1548462488086
"Cyphastrea_hexasepta",0.939063276888798,-2.15798818410276
"Cyphastrea_japonica",0.936080879400454,-2.13208581380722
"Cyphastrea_microphthalma",0.909474039935205,-1.90100319959618
"Cyphastrea_ocellina",0.907346620042618,-1.88252638084641
"Cyphastrea_serailia",0.937892502574722,-2.14781991178687
"Danafungia_horrida",0.802441855579029,-0.971419774325125
"Danafungia_scruposa",0.813482079052245,-1.06730503363963
"Dendrogyra_cylindrus",0.941871632505951,-2.18237898626826
"Dichocoenia_stokesii",0.863697915076486,-1.50343374702668
"Dichopsammia_granulosa",0.941853463705675,-2.18222118872638
"Diploastrea_heliopora",1.01773091856278,-2.84122319649812
"Diploria_labyrinthiformis",0.831523520149964,-1.22399645046276
"Dipsastraea_albida",0.913633126105015,-1.93712520898042
"Dipsastraea_amicorum",0.878703091484656,-1.63375495243052
"Dipsastraea_danai",0.882867381272895,-1.6699221556737
"Dipsastraea_faviaformis",0.802441855579029,-0.971419774325125
"Dipsastraea_favus",0.839693550071441,-1.29495384000552
"Dipsastraea_helianthoides",0.882254605492432,-1.66460014704282
"Dipsastraea_lacuna",0.89989908736221,-1.81784393994776
"Dipsastraea_laddi",0.868906181811961,-1.54866797690632
"Dipsastraea_laxa",0.892323240068597,-1.75204707595878
"Dipsastraea_lizardensis",0.89989908736221,-1.81784393994776
"Dipsastraea_maritima",0.959288027963584,-2.33364182970893
"Dipsastraea_marshae",0.868966765691685,-1.54919415294177
"Dipsastraea_matthaii",0.896445477291927,-1.78784904917733
"Dipsastraea_maxima",0.937805139993976,-2.1470611605053
"Dipsastraea_pallida",0.934685102984599,-2.11996337951918
"Dipsastraea_rosaria",0.89989908736221,-1.81784393994776
"Dipsastraea_rotumana",0.901071486681888,-1.82802632557249
"Dipsastraea_speciosa",0.882478907187383,-1.6665482259234
"Dipsastraea_truncata",0.90246297694975,-1.84011153430864
"Dipsastraea_veroni",0.937639777104705,-2.14562497005524
"Dipsastraea_vietnamensis",0.880717671058333,-1.65125174362323
"Duncanopsammia_axifuga",0.941431019873345,-2.17855222889898
"Echinomorpha_nishihirai",0.905967598570976,-1.87054946464273
"Echinophyllia_aspera",0.916310582747583,-1.960379142662
"Echinophyllia_costata",0.886386945866512,-1.70048986696613
"Echinophyllia_echinata",0.911261957247326,-1.91653141019096
"Echinophyllia_echinoporoides",0.889094611800142,-1.72400617085373
"Echinophyllia_orpheensis",0.857926542218469,-1.45330889362726
"Echinophyllia_patula",0.911098055728461,-1.91510791186446
"Echinophyllia_pectinata",0.876708939156189,-1.61643557356182
"Echinopora_ashmorensis",0.941871632505951,-2.18237898626826
"Echinopora_forskaliana",0.969694774316622,-2.42402528753497
"Echinopora_fruticulosa",0.941871632505951,-2.18237898626826
"Echinopora_gemmacea",0.945181121431467,-2.21112217290678
"Echinopora_grandicula",0.953489398156504,-2.28328024743937
"Echinopora_hirsutissima",0.933898595087459,-2.11313249300197
"Echinopora_horrida",0.997356319145391,-2.6642681055704
"Echinopora_irregularis",0.945353219359397,-2.21261685772789
"Echinopora_lamellosa",0.997356319145391,-2.6642681055704
"Echinopora_mammiformis",0.997356319145391,-2.6642681055704
"Echinopora_pacificus",0.944980123035035,-2.20937648511246
"Echinopora_robusta",0.963051834706562,-2.36633080438736
"Echinopora_taylorae",0.944079572729529,-2.20155513079126
"Echinopora_tiranensis",0.945066691562857,-2.21012833997834
"Enigmopora_darveliensis",0.94045643555209,-2.17008788299202
"Erythrastrea_flabellata",0.89989908736221,-1.81784393994776
"Euphyllia_ancora",0.89989908736221,-1.81784393994776
"Euphyllia_cristata",0.771509533908504,-0.702769987319132
"Euphyllia_divisa",0.89989908736221,-1.81784393994776
"Euphyllia_glabrescens",0.851589630539273,-1.39827228851805
"Euphyllia_paraancora",0.915207234074416,-1.95079646764663
"Euphyllia_paradivisa",0.927063885278001,-2.053772469719
"Euphyllia_paraglabrescens",0.925306459482677,-2.03850908048422
"Euphyllia_yaeyamaensis",0.908885406384988,-1.89589086824341
"Eusmilia_fastigiata",0.95538377400165,-2.2997330592499
"Favia_fragum",0.718496765291546,-0.242349681684123
"Favia_gravida",0.808649291810866,-1.02533187440281
"Favia_leptophylla",0.89989908736221,-1.81784393994776
"Favites_abdita",0.89989908736221,-1.81784393994776
"Favites_acuticollis",0.881551425877757,-1.658492973591
"Favites_chinensis",0.92613935539931,-2.0457428508098
"Favites_colemani",0.84441440072277,-1.33595482064563
"Favites_complanata",0.92108283197717,-2.00182652423018
"Favites_flexuosa",0.930241171979991,-2.08136746904813
"Favites_halicora",0.897948455281318,-1.80090253804976
"Favites_magnistellata",0.941871632505951,-2.18237898626826
"Favites_melicerum",0.872093948482911,-1.57635399563771
"Favites_micropentagonus",0.857926542218469,-1.45330889362726
"Favites_paraflexuosus",0.868966765691685,-1.54919415294177
"Favites_pentagona",0.89989908736221,-1.81784393994776
"Favites_rotundata",0.91173637682905,-1.92065178372579
"Favites_spinosa",0.870523105350773,-1.56271109235474
"Favites_stylifera",0.895289422237227,-1.77780861485363
"Favites_valenciennesi",0.943269303625294,-2.19451787621372
"Favites_vasta",0.903336007824846,-1.84769388008735
"Fungia_fungites",0.822816454996415,-1.14837486525284
"Galaxea_acrhelia",0.941871632505951,-2.18237898626826
"Galaxea_astreata",0.941871632505951,-2.18237898626826
"Galaxea_cryptoramosa",0.826994220547943,-1.18465910662127
"Galaxea_fascicularis",0.997356319145391,-2.6642681055704
"Galaxea_horrescens",0.941871632505951,-2.18237898626826
"Galaxea_longisepta",0.785021675404202,-0.820124060300767
"Galaxea_paucisepta",0.923990707737542,-2.02708166711873
"Gardineroseris_planulata",0.926793559448608,-2.05142466740199
"Goniastrea_columella",0.886485265575306,-1.70134378181634
"Goniastrea_edwardsi",0.89989908736221,-1.81784393994776
"Goniastrea_favulus",0.947115772218028,-2.22792477593401
"Goniastrea_minuta",0.891570583076264,-1.74551018736592
"Goniastrea_pectinata",0.90122867251203,-1.82939149758376
"Goniastrea_ramosa",0.826994220547943,-1.18465910662127
"Goniastrea_retiformis",0.89989908736221,-1.81784393994776
"Goniastrea_stelligera",0.895504671909691,-1.77967807616586
"Goniastrea_thecata",0.89989908736221,-1.81784393994776
"Goniopora_albiconus",0.89989908736221,-1.81784393994776
"Goniopora_burgosi",0.979446506540691,-2.50871989315947
"Goniopora_cellulosa",0.976280338318813,-2.48122145875508
"Goniopora_ciliatus",0.997356319145391,-2.6642681055704
"Goniopora_columna",0.975061472505426,-2.47063550776688
"Goniopora_diminuta",0.826994220547943,-1.18465910662127
"Goniopora_djiboutiensis",0.959624682576689,-2.33656570303046
"Goniopora_eclipsensis",0.973947838402367,-2.46096350293724
"Goniopora_fruticosa",0.944130025892997,-2.20199332071325
"Goniopora_lobata",0.946152251747238,-2.21955652048876
"Goniopora_norfolkensis",0.958185752516016,-2.32406847574717
"Goniopora_paliformis",0.952220642717159,-2.27226100089936
"Goniopora_palmensis",0.956025858929032,-2.30530962026004
"Goniopora_pandoraensis",0.977040549223915,-2.48782395370876
"Goniopora_pearsoni",0.941871632505951,-2.18237898626826
"Goniopora_pedunculata",0.965250062496857,-2.38542259561932
"Goniopora_pendulus",0.967087108877627,-2.40137749626243
"Goniopora_planulata",0.969608658754255,-2.42327736671175
"Goniopora_polyformis",0.954609401351291,-2.29300756836053
"Goniopora_savignyi",0.955303790471692,-2.29903839563829
"Goniopora_somaliensis",0.941871632505951,-2.18237898626826
"Goniopora_stokesi",0.760469310435288,-0.606884728004624
"Goniopora_sultani",0.965397357029045,-2.38670186088499
"Goniopora_tantillus",0.90226920922641,-1.83842864551166
"Goniopora_tenella",0.947064996417634,-2.22748378388349
"Goniopora_tenuidens",0.970538568638987,-2.43135371142098
"Gyrosmilia_interrupta",0.857926542218469,-1.45330889362726
"Halomitra_clavator",0.868374694209981,-1.54405196286802
"Halomitra_pileus",0.868966765691685,-1.54919415294177
"Heliofungia_actiniformis",0.802441855579029,-0.971419774325125
"Heliofungia_fralinae",0.794252156128034,-0.900291553282168
"Helioseris_cucullata",0.813482079052245,-1.06730503363963
"Herpolitha_limax",0.849152692078639,-1.37710727525557
"Heterocyathus_aequicostatus",0.928452293917717,-2.06583091425834
"Heterocyathus_alternatus",0.9220943930121,-2.01061201597155
"Heterocyathus_sulcatus",0.9220943930121,-2.01061201597155
"Heteropsammia_cochlea",0.908666806819652,-1.89399231283289
"Heteropsammia_eupsammides",0.913333670624145,-1.934524413217
"Homophyllia_australis",0.729536988764762,-0.338234940998631
"Homophyllia_bowerbanki",0.941871632505951,-2.18237898626826
"Horastrea_indica",0.909766559176133,-1.90354375353867
"Hydnophora_bonsai",0.899241551549312,-1.81213318671154
"Hydnophora_exesa",0.89989908736221,-1.81784393994776
"Hydnophora_grandis",0.919028268816389,-1.98398247225719
"Hydnophora_microconos",0.971770004731135,-2.44204883632595
"Hydnophora_pilosa",0.918776081682747,-1.98179220602176
"Hydnophora_rigida",0.934319798757061,-2.11679068191291
"Isophyllia_rigida",0.727274962053752,-0.318589050832748
"Isophyllia_sinuosa",0.748967122034499,-0.506987264862725
"Isopora_brueggemanni",0.89989908736221,-1.81784393994776
"Isopora_crateriformis",0.89989908736221,-1.81784393994776
"Isopora_cuneata",0.802441855579029,-0.971419774325125
"Isopora_elizabethensis",0.926268772775094,-2.04686685148488
"Isopora_palifera",0.937091836174278,-2.14086605749061
"Isopora_togianensis",0.924451452331125,-2.0310832722439
"Leptastrea_aequalis",0.802441855579029,-0.971419774325125
"Leptastrea_bewickensis",0.89989908736221,-1.81784393994776
"Leptastrea_bottae",0.872213633825928,-1.57739347279858
"Leptastrea_inaequalis",0.862034833155402,-1.48898974218825
"Leptastrea_pruinosa",0.891171416254808,-1.74204339031439
"Leptastrea_purpurea",0.89989908736221,-1.81784393994776
"Leptastrea_transversa",0.917091202535382,-1.96715889045974
"Leptoria_irregularis",0.924451452331125,-2.0310832722439
"Leptoria_phrygia",0.920017957443411,-1.99257800031628
"Leptoseris_amitoriensis",0.995079183583129,-2.64449099377447
"Leptoseris_cailleti",0.991650047557454,-2.61470866211749
"Leptoseris_explanata",0.949400446719631,-2.24776736404528
"Leptoseris_foliosa",0.978342342628951,-2.49913013772927
"Leptoseris_gardineri",1.03932886428913,-3.0288031518909
"Leptoseris_hawaiiensis",0.990864463746961,-2.60788580136968
"Leptoseris_incrustans",0.984543499174018,-2.55298769820494
"Leptoseris_mycetoseroides",0.941871632505951,-2.18237898626826
"Leptoseris_papyracea",1.00942865294378,-2.76911732892156
"Leptoseris_scabra",0.927403680071034,-2.05672361576443
"Leptoseris_solida",0.930079308405416,-2.07996167043732
"Leptoseris_striata",0.760469310435288,-0.606884728004624
"Leptoseris_tubulifera",0.993022973405714,-2.626632637325
"Leptoseris_yabei",0.89989908736221,-1.81784393994776
"Lithophyllon_concinna",0.78892971408333,-0.85406570134349
"Lithophyllon_ranjithi",0.85912756193921,-1.46373984981619
"Lithophyllon_repanda",0.826994220547943,-1.18465910662127
"Lithophyllon_scabra",0.793291383902833,-0.891947166578492
"Lithophyllon_spinifer",0.773981451930986,-0.724238800986259
"Lithophyllon_undulatum",0.857926542218469,-1.45330889362726
"Lobactis_scutaria",0.79260075213611,-0.885948972230005
"Lobophyllia_agaricia",0.921731598749627,-2.00746111762067
"Lobophyllia_corymbosa",0.941871632505951,-2.18237898626826
"Lobophyllia_dentata",0.941871632505951,-2.18237898626826
"Lobophyllia_diminuta",0.955637566457262,-2.3019372678402
"Lobophyllia_erythraea",0.917215389647429,-1.96823746585915
"Lobophyllia_flabelliformis",0.941871632505951,-2.18237898626826
"Lobophyllia_hassi",0.802441855579029,-0.971419774325125
"Lobophyllia_hataii",0.961155146859668,-2.34985791264931
"Lobophyllia_hemprichii",0.997356319145391,-2.6642681055704
"Lobophyllia_ishigakiensis",0.913509246289235,-1.93604930247465
"Lobophyllia_radians",0.947709907625349,-2.23308489137344
"Lobophyllia_robusta",0.885406869308144,-1.69197782052294
"Lobophyllia_rowleyensis",0.881681068101233,-1.65961892708699
"Lobophyllia_serrata",0.941871632505951,-2.18237898626826
"Lobophyllia_valenciennesii",0.952908071261973,-2.27823137499908
"Lobophyllia_vitiensis",0.80682113074325,-1.00945414344362
"Madracis_asanoi",0.820133312778132,-1.12507155187319
"Madracis_auretenra",0.821668312594515,-1.13840315297697
"Madracis_carmabi",0.833222967977783,-1.2387562962265
"Madracis_decactis",0.760469310435288,-0.606884728004624
"Madracis_formosa",0.761846267840786,-0.618843717622141
"Madracis_kirbyi",0.913411228857908,-1.9351980129294
"Madracis_mirabilis",0.783633332854913,-0.808066189762284
"Madracis_pharensis",0.821924319086115,-1.14062659065402
"Madracis_senaria",0.816449232431479,-1.09307500757938
"Manicina_areolata",0.760469310435288,-0.606884728004624
"Meandrina_brasiliensis",0.922554702279154,-2.0146098402496
"Meandrina_danae",0.900178984229418,-1.82027486752442
"Meandrina_meandrites",0.790054580783989,-0.863835262217743
"Merulina_ampliata",0.928431355728511,-2.06564906434321
"Merulina_scabricula",0.938940673231626,-2.15692336114067
"Merulina_scheeri",0.826994220547943,-1.18465910662127
"Merulina_triangularis",0.997356319145391,-2.6642681055704
"Micromussa_amakusensis",0.885424867560928,-1.69213413684567
"Micromussa_lordhowensis",0.88602504288668,-1.69734670947914
"Micromussa_multipunctata",0.826994220547943,-1.18465910662127
"Micromussa_regularis",0.91188947199598,-1.92198142798675
"Montastraea_cavernosa",0.95538377400165,-2.2997330592499
"Montigyra_kenti",0.917927790827017,-1.97442472936939
"Montipora_aequituberculata",0.910564740960784,-1.91047602874008
"Montipora_altasepta",0.921179506793944,-2.00266615305636
"Montipora_angulata",0.932830231546599,-2.10385366677114
"Montipora_aspergillus",0.924074851445305,-2.02781246222068
"Montipora_australiensis",0.92113261724811,-2.00225891344999
"Montipora_cactus",0.907998870287677,-1.88819122848624
"Montipora_calcarea",0.915059859868986,-1.94951651041222
"Montipora_caliculata",0.910540872276067,-1.91026872722764
"Montipora_capitata",0.916664792381863,-1.96345548280285
"Montipora_capricornis",0.919577660924083,-1.98875398841711
"Montipora_cebuensis",0.934819208565149,-2.12112809764266
"Montipora_circumvallata",0.905228461303519,-1.86412999598513
"Montipora_cocosensis",0.945482799783008,-2.2137422744869
"Montipora_confusa",0.89989908736221,-1.81784393994776
"Montipora_corbettensis",0.915018408082796,-1.94915649820074
"Montipora_crassituberculata",0.934233992333843,-2.11604544598892
"Montipora_cryptus",0.908473752707686,-1.89231562181007
"Montipora_danae",0.950649829268157,-2.25861835541689
"Montipora_delicatula",0.918273005242207,-1.97742294528412
"Montipora_digitata",0.917846806753041,-1.97372137594974
"Montipora_dilatata",0.826994220547943,-1.18465910662127
"Montipora_echinata",0.912375431492072,-1.92620202663786
"Montipora_efflorescens",0.914572342558552,-1.94528238201395
"Montipora_effusa",0.913779724419118,-1.9383984275341
"Montipora_flabellata",0.857926542218469,-1.45330889362726
"Montipora_florida",0.89975965371169,-1.81663294709334
"Montipora_floweri",0.910439198072648,-1.90938567831255
"Montipora_foliosa",0.936740247517854,-2.13781248076048
"Montipora_foveolata",0.922540413419629,-2.01448574031591
"Montipora_friabilis",0.912875998848522,-1.93054949577144
"Montipora_gaimardi",0.890745094002758,-1.73834074608907
"Montipora_grisea",0.915122102125756,-1.95005708959028
"Montipora_hemispherica",0.941871632505951,-2.18237898626826
"Montipora_hirsuta",0.91639890306872,-1.96114621199855
"Montipora_hispida",0.956275786685283,-2.30748026361487
"Montipora_hodgsoni",0.923847802282158,-2.02584052135025
"Montipora_hoffmeisteri",0.889623865197412,-1.72860278063825
"Montipora_incrassata",0.900975075400942,-1.8271889855769
"Montipora_informis",0.952978176282212,-2.27884024293198
"Montipora_kellyi",0.913754200089012,-1.93817674660373
"Montipora_lobulata",0.922080372937661,-2.0104902504587
"Montipora_mactanensis",0.911666614629246,-1.92004589321688
"Montipora_malampaya",0.918518387567334,-1.97955411119151
"Montipora_meandrina",0.802441855579029,-0.971419774325125
"Montipora_millepora",0.910336894172307,-1.9084971604273
"Montipora_mollis",0.94835444289732,-2.23868273383019
"Montipora_monasteriata",0.931973510619335,-2.0964129742462
"Montipora_niugini",0.826994220547943,-1.18465910662127
"Montipora_nodosa",0.92164345613869,-2.00669559171199
"Montipora_orientalis",0.917530835049052,-1.97097713541453
"Montipora_pachytuberculata",0.912439459850189,-1.92675811825471
"Montipora_palawanensis",0.941871632505951,-2.18237898626826
"Montipora_patula",0.941871632505951,-2.18237898626826
"Montipora_peltiformis",0.955794144679866,-2.30329716272944
"Montipora_porites",0.906054580293185,-1.87130490813622
"Montipora_samarensis",0.912513254695491,-1.92739903262524
"Montipora_saudii",0.89989908736221,-1.81784393994776
"Montipora_setosa",0.898675741053241,-1.8072190754827
"Montipora_spongiosa",0.919457221609438,-1.98770796294992
"Montipora_spongodes",0.941002536832875,-2.17483081804647
"Montipora_spumosa",0.900471631101083,-1.82281652995048
"Montipora_stellata",0.900760124376467,-1.8253221180473
"Montipora_stilosa",0.908781957586491,-1.89499240682243
"Montipora_taiwanensis",0.857926542218469,-1.45330889362726
"Montipora_tuberculosa",0.908867132835455,-1.89573216094551
"Montipora_turgescens",0.90756181271466,-1.88439534710524
"Montipora_turtlensis",0.906761545283898,-1.87744495789384
"Montipora_undata",0.913869696109529,-1.93917983915017
"Montipora_venosa",0.935840534103844,-2.12999839491155
"Montipora_verrilli",0.906218460184097,-1.87272821862217
"Montipora_verrucosa",0.917132170989267,-1.96751470488995
"Montipora_verruculosa",0.941871632505951,-2.18237898626826
"Montipora_vietnamensis",0.914348572331938,-1.94333891898009
"Moseleya_latistellata",0.815953997074727,-1.08877384730676
"Mussa_angulosa",0.857926542218469,-1.45330889362726
"Mussismilia_braziliensis",0.881098825136399,-1.6545620984999
"Mussismilia_harttii",0.89989908736221,-1.81784393994776
"Mussismilia_hispida",0.857926542218469,-1.45330889362726
"Mycedium_elephantotus",0.966423997474866,-2.39561831856441
"Mycedium_mancaoi",0.91228419732797,-1.92540965033276
"Mycedium_robokaki",0.902486189785429,-1.84031313971762
"Mycedium_spina",0.919780769447478,-1.99051800283964
"Mycedium_steeni",0.826994220547943,-1.18465910662127
"Mycedium_umbra",0.89989908736221,-1.81784393994776
"Mycetophyllia_aliciae",0.779177594613416,-0.769367732456595
"Mycetophyllia_danaana",0.879958358571926,-1.64465705151065
"Mycetophyllia_ferox",0.808213228437046,-1.02154462772454
"Mycetophyllia_lamarckiana",0.777646790554825,-0.756072571858285
"Mycetophyllia_reesi",0.908418646486428,-1.89183701969408
"Nemenzophyllia_turbida",0.941871632505951,-2.18237898626826
"Oculina_arbuscula",0.857926542218469,-1.45330889362726
"Oculina_diffusa",0.906752353417476,-1.87736512576929
"Oculina_patagonica",0.915562187310856,-1.9538792660341
"Oculina_robusta",0.900776778006341,-1.82546675620819
"Oculina_tenella",0.869427837083998,-1.5531985963411
"Oculina_valenciennesi",0.899935408616563,-1.81815939306342
"Oculina_varicosa",0.857926542218469,-1.45330889362726
"Orbicella_annularis",1.02581672279343,-2.91144907890927
"Orbicella_faveolata",1.03932886428913,-3.0288031518909
"Orbicella_franksi",0.997356319145391,-2.6642681055704
"Oulastrea_crispata",0.937216209827203,-2.14194625301306
"Oulophyllia_bennettae",0.916637240891557,-1.9632161958175
"Oulophyllia_crispa",0.89989908736221,-1.81784393994776
"Oulophyllia_levis",0.907583151304514,-1.8845806745333
"Oxypora_convoluta",0.941871632505951,-2.18237898626826
"Oxypora_crassispinosa",0.913240615165478,-1.93371621881708
"Oxypora_egyptensis",0.89989908736221,-1.81784393994776
"Oxypora_glabra",0.916254820189901,-1.95989484020958
"Oxypora_lacera",0.912403907844447,-1.92644934612722
"Pachyseris_foliosa",0.994388231416663,-2.63849001672756
"Pachyseris_gemmae",0.973979916938911,-2.46124210769577
"Pachyseris_involuta",0.992760113232445,-2.6243496748525
"Pachyseris_rugosa",1.03932886428913,-3.0288031518909
"Pachyseris_speciosa",0.663012078652106,0.239539437618013
"Palauastrea_ramosa",0.849749874076752,-1.38229385058948
"Paragoniastrea_australensis",0.953903531788898,-2.286877032489
"Paragoniastrea_deformis",0.93045358950751,-2.08321233294591
"Paragoniastrea_russelli",0.958056756153945,-2.32294813161122
"Paramontastraea_peresi",0.899965659695142,-1.81842212619751
"Paramontastraea_salebrosa",0.96720213595977,-2.40237651604009
"Paramontastraea_serageldini",0.886386945866512,-1.70048986696613
"Pavona_bipartita",0.89989908736221,-1.81784393994776
"Pavona_cactus",1.03932886428913,-3.0288031518909
"Pavona_chiriquiensis",1.00015391509056,-2.68856545908962
"Pavona_clavus",1.08130140943287,-3.3933381982114
"Pavona_danai",0.940518203528222,-2.17062434300328
"Pavona_decussata",0.802441855579029,-0.971419774325125
"Pavona_diffluens",0.986399664899122,-2.56910865194416
"Pavona_duerdeni",1.01766705276831,-2.84066851676012
"Pavona_explanulata",0.984984243992277,-2.55681560361761
"Pavona_frondifera",1.00971082255822,-2.77156799549695
"Pavona_gigantea",0.990769913430885,-2.60706462400881
"Pavona_maldivensis",0.826994220547943,-1.18465910662127
"Pavona_minuta",1.03932886428913,-3.0288031518909
"Pavona_varians",0.978798363998931,-2.50309072126453
"Pavona_venosa",0.952926084399336,-2.27838782059561
"Pavona_xarifae",1.01839868441299,-2.84702279845947
"Pectinia_africana",0.826994220547943,-1.18465910662127
"Pectinia_alcicornis",0.934832099467012,-2.12124005619776
"Pectinia_crassa",0.932479450769023,-2.10080710653601
"Pectinia_elongata",0.939305025515414,-2.16008779103629
"Pectinia_lactuca",0.89989908736221,-1.81784393994776
"Pectinia_maxima",0.89989908736221,-1.81784393994776
"Pectinia_paeonia",0.89989908736221,-1.81784393994776
"Pectinia_pygmaea",0.926325550634606,-2.04735997191816
"Pectinia_teres",0.920625173049857,-1.99785171837327
"Physogyra_lichtensteini",0.89989908736221,-1.81784393994776
"Physophyllia_ayleni",0.936155792088477,-2.13273643673478
"Platygyra_acuta",0.953314206846401,-2.28175869633675
"Platygyra_carnosa",0.84441440072277,-1.33595482064563
"Platygyra_contorta",0.903072257307902,-1.84540318490597
"Platygyra_crosslandi",0.91007021516235,-1.90618103104048
"Platygyra_daedalea",0.922611199805991,-2.01510052597027
"Platygyra_lamellina",0.961899219038235,-2.35632024142044
"Platygyra_pini",0.895764558929786,-1.7819352165557
"Platygyra_ryukyuensis",0.948237357443322,-2.23766583692173
"Platygyra_sinensis",0.905283887927739,-1.86461138082749
"Platygyra_verweyi",0.906734506398549,-1.87721012292519
"Platygyra_yaeyamaensis",0.88671907804301,-1.70337446254949
"Plerogyra_cauliformis",0.924324560638247,-2.02998120733499
"Plerogyra_diabolotus",0.925331609790197,-2.03872751299732
"Plerogyra_discus",0.826994220547943,-1.18465910662127
"Plerogyra_multilobata",0.925251984406449,-2.03803595991534
"Plerogyra_simplex",0.94871224394489,-2.24179026569424
"Plerogyra_sinuosa",0.89989908736221,-1.81784393994776
"Plesiastrea_versipora",0.966423997474866,-2.39561831856441
"Pleuractis_granulosa",0.778641718702591,-0.764713605590916
"Pleuractis_gravis",0.816370863021315,-1.09239436273246
"Pleuractis_moluccensis",0.812065332442391,-1.05500047147218
"Pleuractis_paumotensis",0.815953997074727,-1.08877384730676
"Pleuractis_seychellensis",0.785021675404202,-0.820124060300767
"Pleuractis_taiwanensis",0.822816454996415,-1.14837486525284
"Pocillopora_ankeli",0.916069655049876,-1.95828666556435
"Pocillopora_brevicornis",0.922109752600627,-2.01074541527569
"Pocillopora_capitata",0.918851405360294,-1.98244639842751
"Pocillopora_damicornis",0.941871632505951,-2.18237898626826
"Pocillopora_effusa",0.941871632505951,-2.18237898626826
"Pocillopora_elegans",0.918629597116926,-1.98051997538137
"Pocillopora_fungiformis",0.941871632505951,-2.18237898626826
"Pocillopora_grandis",0.89989908736221,-1.81784393994776
"Pocillopora_indiania",0.89989908736221,-1.81784393994776
"Pocillopora_inflata",0.931533379228193,-2.09259039649906
"Pocillopora_kelleheri",0.919774228182211,-1.99046119140662
"Pocillopora_ligulata",0.857926542218469,-1.45330889362726
"Pocillopora_meandrina",0.89989908736221,-1.81784393994776
"Pocillopora_molokensis",0.881616814009156,-1.65906087495192
"Pocillopora_verrucosa",0.89989908736221,-1.81784393994776
"Pocillopora_woodjonesi",0.925396745077595,-2.03929321838705
"Pocillopora_zelli",0.915669622244954,-1.95481234737439
"Podabacia_crustacea",0.924451452331125,-2.0310832722439
"Podabacia_kunzmanni",0.862097040904049,-1.48953002166038
"Podabacia_lankaensis",0.873864854394599,-1.59173446080454
"Podabacia_motuporensis",0.884881027271222,-1.68741083868683
"Podabacia_sinai",0.89989908736221,-1.81784393994776
"Polyphyllia_novaehiberniae",0.831083082033398,-1.2201712087798
"Polyphyllia_talpina",0.840329610823748,-1.30047808055398
"Porites_annae",0.929233973649961,-2.07261986776177
"Porites_aranetai",0.91228913242029,-1.92545251202011
"Porites_arnaudi",0.951827376400594,-2.26884545022368
"Porites_astreoides",0.863697915076486,-1.50343374702668
"Porites_attenuata",0.958120964572637,-2.32350578706913
"Porites_australiensis",0.967971051069113,-2.40905460773171
"Porites_baueri",0.890273739757843,-1.73424699525945
"Porites_bernardi",0.963190389123348,-2.36753416102366
"Porites_branneri",0.906517596710643,-1.87532624424075
"Porites_brighami",0.760469310435288,-0.606884728004624
"Porites_cocosensis",0.893442785038508,-1.76177041715876
"Porites_colonensis",0.911234445145543,-1.91629246529821
"Porites_columnaris",0.956915616620859,-2.31303723983358
"Porites_compressa",0.912434536994795,-1.92671536284608
"Porites_cumulatus",0.885481903593061,-1.69262949952964
"Porites_cylindrica",1.03932886428913,-3.0288031518909
"Porites_decasepta",0.738871364708932,-0.419304772611841
"Porites_deformis",0.899636077780301,-1.8155596798488
"Porites_densa",0.785021675404202,-0.820124060300767
"Porites_desilveri",0.956805700748929,-2.31208261134184
"Porites_divaricata",0.895121387861073,-1.77634922231775
"Porites_duerdeni",0.953494396182402,-2.28332365571009
"Porites_echinulata",0.914439132234835,-1.94412543927053
"Porites_ericacea",0.892446636974107,-1.75311878834867
"Porites_evermanni",0.910939310835426,-1.91372919926227
"Porites_excavata",0.896531192537433,-1.7885934932153
"Porites_flavus",0.84441440072277,-1.33595482064563
"Porites_furcata",0.938431675810558,-2.15250267619459
"Porites_harrisoni",0.89989908736221,-1.81784393994776
"Porites_heronensis",0.945332863349399,-2.21244006408761
"Porites_horizontalata",0.911900498996801,-1.92207719840623
"Porites_latistellata",0.886846915520661,-1.70448474167785
"Porites_lichen",0.960084396378036,-2.34055835563931
"Porites_lobata",1.01641923732533,-2.82983113583054
"Porites_lutea",0.983844177649693,-2.54691403258876
"Porites_mayeri",0.983844177649693,-2.54691403258876
"Porites_monticulosa",0.89989908736221,-1.81784393994776
"Porites_murrayensis",0.802441855579029,-0.971419774325125
"Porites_myrmidonensis",0.983844177649693,-2.54691403258876
"Porites_napopora",0.917873813480344,-1.9739559316231
"Porites_negrosensis",0.955998291805591,-2.30507019749961
"Porites_nigrescens",0.94744726641623,-2.2308038306228
"Porites_nodifera",0.91203445069075,-1.92324058001177
"Porites_okinawensis",0.990442490001068,-2.6042209242821
"Porites_ornata",0.893954890401912,-1.7662180948426
"Porites_panamensis",0.926312672602592,-2.04724812513878
"Porites_porites",0.826994220547943,-1.18465910662127
"Porites_profundus",0.957039475862946,-2.31411296765511
"Porites_pukoensis",0.93348751707365,-2.10956224625396
"Porites_randalli",0.989249750126488,-2.59386187924588
"Porites_rugosus",0.89989908736221,-1.81784393994776
"Porites_rus",0.997356319145391,-2.6642681055704
"Porites_sillimaniani",0.926411594816376,-2.04810727279496
"Porites_solida",1.00177275998513,-2.70262526167265
"Porites_somaliensis",0.957414225444272,-2.3173676989448
"Porites_stephensoni",0.760469310435288,-0.606884728004624
"Porites_studeri",0.956292992522948,-2.30762969774637
"Porites_sverdrupi",0.826994220547943,-1.18465910662127
"Porites_tuberculosus",0.899404530419293,-1.81354867175573
"Porites_vaughani",0.802441855579029,-0.971419774325125
"Psammocora_albopicta",0.895890850573017,-1.78303206998352
"Psammocora_contigua",0.857926542218469,-1.45330889362726
"Psammocora_digitata",0.734383861485994,-0.38033043379977
"Psammocora_haimiana",0.902554789717566,-1.84090893583514
"Psammocora_interstinctus",0.911591780119949,-1.91939594927807
"Psammocora_nierstraszi",0.89057934343257,-1.736901188598
"Psammocora_profundacella",0.888876639811506,-1.72211306599908
"Psammocora_stellata",0.899050444073531,-1.81047340238592
"Pseudodiploria_clivosa",0.869967674144896,-1.5578871261247
"Pseudodiploria_strigosa",0.89989908736221,-1.81784393994776
"Pseudosiderastrea_formosa",0.913635104965283,-1.93714239554647
"Pseudosiderastrea_tayamai",0.78892971408333,-0.85406570134349
"Sandalolitha_dentata",0.895080224286191,-1.77599171324545
"Sandalolitha_robusta",0.857926542218469,-1.45330889362726
"Scapophyllia_cylindrica",0.920347171523343,-1.99543725198821
"Schizoculina_africana",0.89989908736221,-1.81784393994776
"Schizoculina_fissipara",0.89989908736221,-1.81784393994776
"Scolymia_cubensis",0.760469310435288,-0.606884728004624
"Scolymia_lacera",0.799052511295311,-0.941983037257361
"Scolymia_wellsii",0.803635335552202,-0.981785247179187
"Seriatopora_aculeata",0.870519269119498,-1.56267777436697
"Seriatopora_caliendrum",0.943329126460607,-2.19503744251514
"Seriatopora_dentritica",0.870519269119498,-1.56267777436697
"Seriatopora_guttata",0.826994220547943,-1.18465910662127
"Seriatopora_hystrix",0.931644465156489,-2.09355518702769
"Seriatopora_stellata",0.870519269119498,-1.56267777436697
"Siderastrea_radians",0.826994220547943,-1.18465910662127
"Siderastrea_savignyana",0.89989908736221,-1.81784393994776
"Siderastrea_siderea",0.915786183556658,-1.95582469206341
"Siderastrea_stellata",0.930730806562228,-2.08561998612816
"Simplastrea_vesicularis",0.936317951602238,-2.13414480560204
"Solenastrea_bournoni",0.897443756226376,-1.79651918477106
"Solenastrea_hyades",0.911925327232309,-1.9222928336971
"Stephanocoenia_intersepta",0.868966765691685,-1.54919415294177
"Stylaraea_punctata",0.785021675404202,-0.820124060300767
"Stylocoeniella_armata",0.851056681774376,-1.39364358415827
"Stylocoeniella_cocosensis",0.91920021474186,-1.98547583692429
"Stylocoeniella_guentheri",0.857926542218469,-1.45330889362726
"Stylocoeniella_muscosus",0.871291140912242,-1.56938154509991
"Stylophora_danae",0.884159900220133,-1.68114779025669
"Stylophora_kuehlmanni",0.854954893030546,-1.42749987321504
"Stylophora_madagascarensis",0.802441855579029,-0.971419774325125
"Stylophora_mamillata",0.760469310435288,-0.606884728004624
"Stylophora_pistillata",0.939830067413516,-2.16464782360018
"Stylophora_subseriata",0.857793056207197,-1.4521495565145
"Stylophora_wellsi",0.864622682115528,-1.51146542569325
"Symphyllia_recta",0.936918432797014,-2.13936003473343
"Trachyphyllia_geoffroyi",0.746957168939589,-0.489530655022989
"Turbinaria_bifrons",0.981032269955885,-2.52249238034202
"Turbinaria_conspicua",0.981945115780575,-2.53042052227021
"Turbinaria_crater",0.981506149374995,-2.5266080625196
"Turbinaria_frondens",0.983844177649693,-2.54691403258876
"Turbinaria_heronensis",0.976915430571303,-2.48673728780205
"Turbinaria_irregularis",0.981976349092799,-2.53069178618521
"Turbinaria_mesenterina",0.89989908736221,-1.81784393994776
"Turbinaria_patula",0.981193805396347,-2.52389532908076
"Turbinaria_peltata",0.974047066429457,-2.46182530660741
"Turbinaria_radicalis",0.89989908736221,-1.81784393994776
"Turbinaria_reniformis",0.997356319145391,-2.6642681055704
"Turbinaria_stellulata",0.961990024793566,-2.35710889695974
"Zoopilus_echinatus",0.868966765691685,-1.54919415294177
